source,target,count
modernisation.gouv.fr,modernisation.gouv.fr,269
ssi.gouv.fr,ssi.gouv.fr,156
developpement-durable.gouv.fr,developpement-durable.gouv.fr,116
interieur.gouv.fr,interieur.gouv.fr,113
dgfip.finances.gouv.fr,dgfip.finances.gouv.fr,97
ac-versailles.fr,ac-versailles.fr,87
modernisation.gouv.fr,data.gouv.fr,79
interieur.gouv.fr,modernisation.gouv.fr,77
developpement-durable.gouv.fr,modernisation.gouv.fr,65
data.gouv.fr,modernisation.gouv.fr,58
modernisation.gouv.fr,interieur.gouv.fr,56
finances.gouv.fr,modernisation.gouv.fr,50
education.gouv.fr,education.gouv.fr,50
ssi.gouv.fr,modernisation.gouv.fr,46
diplomatie.gouv.fr,diplomatie.gouv.fr,40
pm.gouv.fr,modernisation.gouv.fr,40
sg.social.gouv.fr,sg.social.gouv.fr,39
data.gouv.fr,data.gouv.fr,39
modernisation.gouv.fr,ssi.gouv.fr,36
modernisation.gouv.fr,pm.gouv.fr,32
finances.gouv.fr,finances.gouv.fr,32
interieur.gouv.fr,ssi.gouv.fr,31
modernisation.gouv.fr,developpement-durable.gouv.fr,29
ac-versailles.fr,education.gouv.fr,27
dgfip.finances.gouv.fr,modernisation.gouv.fr,26
developpement-durable.gouv.fr,data.gouv.fr,25
interieur.gouv.fr,data.gouv.fr,24
modernisation.gouv.fr,education.gouv.fr,23
ac-creteil.fr,education.gouv.fr,22
modernisation.gouv.fr,beta.gouv.fr,22
education.gouv.fr,modernisation.gouv.fr,22
modernisation.gouv.fr,finances.gouv.fr,20
education.gouv.fr,ac-versailles.fr,20
sg.social.gouv.fr,modernisation.gouv.fr,18
diplomatie.gouv.fr,modernisation.gouv.fr,18
ac-rennes.fr,ac-rennes.fr,17
interieur.gouv.fr,pm.gouv.fr,17
developpement-durable.gouv.fr,interieur.gouv.fr,16
pm.gouv.fr,pm.gouv.fr,16
ac-versailles.fr,modernisation.gouv.fr,16
modernisation.gouv.fr,culture.gouv.fr,15
ac-rennes.fr,education.gouv.fr,15
modernisation.gouv.fr,dgfip.finances.gouv.fr,15
finances.gouv.fr,data.gouv.fr,15
interieur.gouv.fr,developpement-durable.gouv.fr,14
ac-rennes.fr,ac-versailles.fr,14
occitanie.gouv.fr,modernisation.gouv.fr,14
pm.gouv.fr,data.gouv.fr,14
ac-nancy-metz.fr,education.gouv.fr,14
ac-rennes.fr,modernisation.gouv.fr,13
interieur.gouv.fr,education.gouv.fr,13
ac-bordeaux.fr,ac-versailles.fr,13
culture.gouv.fr,modernisation.gouv.fr,13
education.gouv.fr,ac-nancy-metz.fr,12
education.gouv.fr,ac-rennes.fr,12
ssi.gouv.fr,data.gouv.fr,12
insee.fr,insee.fr,11
ac-bordeaux.fr,education.gouv.fr,11
education.gouv.fr,ac-bordeaux.fr,11
ac-versailles.fr,ac-rennes.fr,11
dila.gouv.fr,modernisation.gouv.fr,10
ac-lyon.fr,education.gouv.fr,10
modernisation.gouv.fr,diplomatie.gouv.fr,10
ac-nancy-metz.fr,ac-nancy-metz.fr,10
agriculture.gouv.fr,modernisation.gouv.fr,10
insee.fr,modernisation.gouv.fr,10
ac-versailles.fr,data.gouv.fr,10
ac-versailles.fr,ac-nancy-metz.fr,10
reseau-canope.fr,reseau-canope.fr,10
ac-creteil.fr,ac-versailles.fr,10
interieur.gouv.fr,finances.gouv.fr,10
externes.justice.gouv.fr,externes.justice.gouv.fr,10
sg.social.gouv.fr,data.gouv.fr,10
dgfip.finances.gouv.fr,data.gouv.fr,10
data.gouv.fr,pm.gouv.fr,10
developpement-durable.gouv.fr,finances.gouv.fr,10
douane.finances.gouv.fr,douane.finances.gouv.fr,10
developpement-durable.gouv.fr,ign.fr,10
data.gouv.fr,finances.gouv.fr,10
data.gouv.fr,interieur.gouv.fr,9
interieur.gouv.fr,dgfip.finances.gouv.fr,9
education.gouv.fr,ac-creteil.fr,9
ac-caen.fr,ac-caen.fr,9
ac-nice.fr,education.gouv.fr,9
ac-versailles.fr,finances.gouv.fr,9
ac-nancy-metz.fr,ac-versailles.fr,9
modernisation.gouv.fr,occitanie.gouv.fr,9
finances.gouv.fr,ssi.gouv.fr,9
finances.gouv.fr,developpement-durable.gouv.fr,9
finances.gouv.fr,interieur.gouv.fr,9
ac-limoges.fr,education.gouv.fr,9
ac-poitiers.fr,ac-versailles.fr,9
eure.gouv.fr,developpement-durable.gouv.fr,9
beta.gouv.fr,modernisation.gouv.fr,9
gendarmerie.interieur.gouv.fr,interieur.gouv.fr,9
pm.gouv.fr,ssi.gouv.fr,8
culture.gouv.fr,culture.gouv.fr,8
developpement-durable.gouv.fr,education.gouv.fr,8
finances.gouv.fr,education.gouv.fr,8
ac-versailles.fr,ac-bordeaux.fr,8
interieur.gouv.fr,culture.gouv.fr,8
pm.gouv.fr,developpement-durable.gouv.fr,8
ac-versailles.fr,interieur.gouv.fr,8
education.gouv.fr,reseau-canope.fr,8
modernisation.gouv.fr,sg.social.gouv.fr,8
developpement-durable.gouv.fr,dgfip.finances.gouv.fr,8
data.gouv.fr,beta.gouv.fr,7
ac-caen.fr,ac-versailles.fr,7
ign.fr,modernisation.gouv.fr,7
modernisation.gouv.fr,dila.gouv.fr,7
enseignementsup.gouv.fr,modernisation.gouv.fr,7
ac-versailles.fr,ac-creteil.fr,7
agriculture.gouv.fr,dgfip.finances.gouv.fr,7
ars.sante.fr,ssi.gouv.fr,7
data.gouv.fr,ssi.gouv.fr,7
ac-poitiers.fr,education.gouv.fr,7
sg.social.gouv.fr,interieur.gouv.fr,7
ac-creteil.fr,ac-poitiers.fr,7
ac-montpellier.fr,education.gouv.fr,7
justice.gouv.fr,externes.justice.gouv.fr,7
reseau-canope.fr,education.gouv.fr,7
diplomatie.gouv.fr,data.gouv.fr,7
ac-creteil.fr,ac-creteil.fr,7
culture.gouv.fr,finances.gouv.fr,7
developpement-durable.gouv.fr,ac-versailles.fr,7
ac-creteil.fr,reseau-canope.fr,7
ac-caen.fr,ac-nancy-metz.fr,7
ign.fr,developpement-durable.gouv.fr,7
interieur.gouv.fr,gendarmerie.interieur.gouv.fr,6
eure.gouv.fr,finances.gouv.fr,6
ac-versailles.fr,ac-montpellier.fr,6
externes.justice.gouv.fr,justice.gouv.fr,6
ac-bordeaux.fr,reseau-canope.fr,6
ac-dijon.fr,education.gouv.fr,6
education.gouv.fr,ac-montpellier.fr,6
ac-versailles.fr,ac-caen.fr,6
education.gouv.fr,developpement-durable.gouv.fr,6
finances.gouv.fr,ac-versailles.fr,6
interieur.gouv.fr,cnil.fr,6
ac-lille.fr,ac-versailles.fr,6
education.gouv.fr,ac-nice.fr,6
culture.gouv.fr,sg.social.gouv.fr,6
ssi.gouv.fr,arcep.fr,6
developpement-durable.gouv.fr,pm.gouv.fr,6
recherche.gouv.fr,modernisation.gouv.fr,6
ac-rennes.fr,ac-nancy-metz.fr,6
ac-poitiers.fr,ac-poitiers.fr,6
finances.gouv.fr,eure.gouv.fr,6
sg.social.gouv.fr,ssi.gouv.fr,6
education.gouv.fr,ac-limoges.fr,6
ssi.gouv.fr,pm.gouv.fr,6
culture.gouv.fr,interieur.gouv.fr,6
finances.gouv.fr,sg.social.gouv.fr,6
ac-creteil.fr,ac-rennes.fr,6
ac-rouen.fr,education.gouv.fr,6
sg.social.gouv.fr,finances.gouv.fr,5
ac-bordeaux.fr,ssi.gouv.fr,5
ac-grenoble.fr,education.gouv.fr,5
ac-aix-marseille.fr,education.gouv.fr,5
ac-nancy-metz.fr,reseau-canope.fr,5
education.gouv.fr,interieur.gouv.fr,5
enseignementsup.gouv.fr,finances.gouv.fr,5
developpement-durable.gouv.fr,ssi.gouv.fr,5
ac-creteil.fr,ac-bordeaux.fr,5
defense.gouv.fr,modernisation.gouv.fr,5
sg.social.gouv.fr,culture.gouv.fr,5
ac-versailles.fr,ac-lille.fr,5
developpement-durable.gouv.fr,beta.gouv.fr,5
ac-versailles.fr,developpement-durable.gouv.fr,5
agriculture.gouv.fr,interieur.gouv.fr,5
ac-creteil.fr,finances.gouv.fr,5
ac-poitiers.fr,ac-rennes.fr,5
interieur.gouv.fr,ac-versailles.fr,5
modernisation.gouv.fr,gendarmerie.interieur.gouv.fr,5
inserm.fr,modernisation.gouv.fr,5
eure.gouv.fr,interieur.gouv.fr,5
ccomptes.fr,modernisation.gouv.fr,5
intradef.gouv.fr,ssi.gouv.fr,5
ac-lille.fr,education.gouv.fr,5
cnda.juradm.fr,modernisation.gouv.fr,5
education.gouv.fr,finances.gouv.fr,5
occitanie.gouv.fr,occitanie.gouv.fr,5
ac-nice.fr,ac-versailles.fr,5
ac-clermont.fr,education.gouv.fr,5
ac-versailles.fr,ac-poitiers.fr,5
ac-rennes.fr,finances.gouv.fr,5
ac-creteil.fr,ac-nancy-metz.fr,5
ac-dijon.fr,modernisation.gouv.fr,5
finances.gouv.fr,culture.gouv.fr,5
agriculture.gouv.fr,finances.gouv.fr,5
cnil.fr,modernisation.gouv.fr,5
occitanie.gouv.fr,finances.gouv.fr,5
culture.gouv.fr,ac-versailles.fr,5
ac-caen.fr,education.gouv.fr,5
educagri.fr,educagri.fr,5
pm.gouv.fr,interieur.gouv.fr,5
ac-versailles.fr,ssi.gouv.fr,5
reseau-canope.fr,ac-bordeaux.fr,4
ac-creteil.fr,ac-nice.fr,4
culture.gouv.fr,data.gouv.fr,4
cnda.juradm.fr,interieur.gouv.fr,4
interieur.gouv.fr,ac-lille.fr,4
eure.gouv.fr,modernisation.gouv.fr,4
ac-caen.fr,ac-poitiers.fr,4
diplomatie.gouv.fr,interieur.gouv.fr,4
education.gouv.fr,ac-lille.fr,4
ssi.gouv.fr,finances.gouv.fr,4
recherche.gouv.fr,data.gouv.fr,4
education.gouv.fr,ac-lyon.fr,4
education.gouv.fr,ac-strasbourg.fr,4
ac-nancy-metz.fr,data.gouv.fr,4
cnil.fr,ssi.gouv.fr,4
developpement-durable.gouv.fr,culture.gouv.fr,4
ac-montpellier.fr,ac-montpellier.fr,4
ac-rennes.fr,data.gouv.fr,4
insee.fr,dgfip.finances.gouv.fr,4
dila.gouv.fr,pm.gouv.fr,4
educagri.fr,agriculture.gouv.fr,4
data.gouv.fr,developpement-durable.gouv.fr,4
ign.fr,ign.fr,4
ac-montpellier.fr,ac-versailles.fr,4
agriculture.gouv.fr,education.gouv.fr,4
ac-bordeaux.fr,finances.gouv.fr,4
ac-bordeaux.fr,ac-nancy-metz.fr,4
education.gouv.fr,data.gouv.fr,4
gendarmerie.interieur.gouv.fr,modernisation.gouv.fr,4
agriculture.gouv.fr,ssi.gouv.fr,4
ac-rennes.fr,ssi.gouv.fr,4
ac-montpellier.fr,modernisation.gouv.fr,4
ac-caen.fr,ac-creteil.fr,4
ac-nice.fr,ac-caen.fr,4
ac-versailles.fr,ac-strasbourg.fr,4
beta.gouv.fr,dgfip.finances.gouv.fr,4
education.gouv.fr,ac-poitiers.fr,4
education.gouv.fr,ac-grenoble.fr,4
ac-nancy-metz.fr,ac-caen.fr,4
ardeche.gouv.fr,developpement-durable.gouv.fr,4
pm.gouv.fr,dila.gouv.fr,4
ac-grenoble.fr,ac-versailles.fr,4
developpement-durable.gouv.fr,eure.gouv.fr,4
bnf.fr,modernisation.gouv.fr,4
ac-dijon.fr,ac-nancy-metz.fr,4
ac-creteil.fr,ac-lille.fr,4
meurthe-et-moselle.gouv.fr,modernisation.gouv.fr,4
modernisation.gouv.fr,arcep.fr,4
ac-bordeaux.fr,ac-lyon.fr,4
ac-nancy-metz.fr,ac-dijon.fr,4
pm.gouv.fr,dgfip.finances.gouv.fr,4
ac-poitiers.fr,ac-creteil.fr,4
diplomatie.gouv.fr,finances.gouv.fr,4
ac-versailles.fr,reseau-canope.fr,4
insee.fr,data.gouv.fr,4
education.gouv.fr,ac-clermont.fr,4
reseau-canope.fr,ac-creteil.fr,4
ac-orleans-tours.fr,education.gouv.fr,4
ac-versailles.fr,culture.gouv.fr,4
ac-rennes.fr,ac-dijon.fr,4
diplomatie.gouv.fr,dgfip.finances.gouv.fr,4
gendarmerie.interieur.gouv.fr,ssi.gouv.fr,4
developpement-durable.gouv.fr,occitanie.gouv.fr,4
modernisation.gouv.fr,ccomptes.fr,4
insee.fr,ssi.gouv.fr,4
modernisation.gouv.fr,cnil.fr,4
agriculture.gouv.fr,data.gouv.fr,4
enseignementsup.gouv.fr,education.gouv.fr,4
ac-lyon.fr,reseau-canope.fr,4
ac-caen.fr,ac-nice.fr,4
finances.gouv.fr,diplomatie.gouv.fr,3
education.gouv.fr,ssi.gouv.fr,3
ac-poitiers.fr,ac-nice.fr,3
modernisation.gouv.fr,agriculture.gouv.fr,3
ssi.gouv.fr,dila.gouv.fr,3
ac-versailles.fr,ac-toulouse.fr,3
meurthe-et-moselle.gouv.fr,ac-nancy-metz.fr,3
developpement-durable.gouv.fr,agriculture.gouv.fr,3
dila.gouv.fr,education.gouv.fr,3
ac-bordeaux.fr,interieur.gouv.fr,3
interieur.gouv.fr,enseignementsup.gouv.fr,3
ac-dijon.fr,ac-rennes.fr,3
bnf.fr,culture.gouv.fr,3
ac-bordeaux.fr,ac-bordeaux.fr,3
culture.gouv.fr,bnf.fr,3
eure.gouv.fr,pm.gouv.fr,3
ac-caen.fr,ac-bordeaux.fr,3
tarn-et-garonne.gouv.fr,modernisation.gouv.fr,3
developpement-durable.gouv.fr,reseau-canope.fr,3
educagri.fr,modernisation.gouv.fr,3
enseignementsup.gouv.fr,interieur.gouv.fr,3
aviation-civile.gouv.fr,data.gouv.fr,3
finances.gouv.fr,dgfip.finances.gouv.fr,3
occitanie.gouv.fr,ssi.gouv.fr,3
interieur.gouv.fr,ac-montpellier.fr,3
reseau-canope.fr,ac-nancy-metz.fr,3
ac-nice.fr,data.gouv.fr,3
occitanie.gouv.fr,developpement-durable.gouv.fr,3
occitanie.gouv.fr,interieur.gouv.fr,3
interieur.gouv.fr,diplomatie.gouv.fr,3
culture.gouv.fr,developpement-durable.gouv.fr,3
bnf.fr,data.gouv.fr,3
ac-poitiers.fr,ac-bordeaux.fr,3
ac-rennes.fr,culture.gouv.fr,3
eure.gouv.fr,dgfip.finances.gouv.fr,3
reseau-canope.fr,ac-poitiers.fr,3
occitanie.gouv.fr,agriculture.gouv.fr,3
ac-lille.fr,modernisation.gouv.fr,3
ac-caen.fr,reseau-canope.fr,3
agriculture.gouv.fr,developpement-durable.gouv.fr,3
ac-nancy-metz.fr,ac-orleans-tours.fr,3
ac-creteil.fr,ac-clermont.fr,3
reseau-canope.fr,ac-caen.fr,3
finances.gouv.fr,dila.gouv.fr,3
inserm.fr,education.gouv.fr,3
developpement-durable.gouv.fr,insee.fr,3
ac-bordeaux.fr,ac-caen.fr,3
finances.gouv.fr,enseignementsup.gouv.fr,3
ac-versailles.fr,ac-clermont.fr,3
aviation-civile.gouv.fr,modernisation.gouv.fr,3
education.gouv.fr,enseignementsup.gouv.fr,3
modernisation.gouv.fr,insee.fr,3
education.gouv.fr,ac-orleans-tours.fr,3
ac-clermont.fr,ac-versailles.fr,3
ac-clermont.fr,reseau-canope.fr,3
ac-poitiers.fr,reseau-canope.fr,3
ac-poitiers.fr,ac-montpellier.fr,3
dila.gouv.fr,developpement-durable.gouv.fr,3
enseignementsup.gouv.fr,data.gouv.fr,3
modernisation.gouv.fr,ac-versailles.fr,3
sg.social.gouv.fr,developpement-durable.gouv.fr,3
ac-strasbourg.fr,education.gouv.fr,3
ac-dijon.fr,finances.gouv.fr,3
ac-nancy-metz.fr,ac-rennes.fr,3
meurthe-et-moselle.gouv.fr,education.gouv.fr,3
dgfip.finances.gouv.fr,finances.gouv.fr,3
developpement-durable.gouv.fr,equipement-agriculture.gouv.fr,3
ac-poitiers.fr,modernisation.gouv.fr,3
modernisation.gouv.fr,recherche.gouv.fr,3
interieur.gouv.fr,occitanie.gouv.fr,3
ac-nancy-metz.fr,developpement-durable.gouv.fr,3
modernisation.gouv.fr,ac-dijon.fr,3
interieur.gouv.fr,agriculture.gouv.fr,3
agriculture.gouv.fr,insee.fr,3
cnil.fr,cnil.fr,3
ac-bordeaux.fr,data.gouv.fr,3
dgfip.finances.gouv.fr,douane.finances.gouv.fr,3
interieur.gouv.fr,arcep.fr,3
eure.gouv.fr,data.gouv.fr,3
ac-bordeaux.fr,modernisation.gouv.fr,3
ardeche.gouv.fr,data.gouv.fr,3
modernisation.gouv.fr,bnf.fr,3
ssi.gouv.fr,interieur.gouv.fr,3
diplomatie.gouv.fr,education.gouv.fr,3
interieur.gouv.fr,sg.social.gouv.fr,3
ac-bordeaux.fr,ac-poitiers.fr,3
ac-versailles.fr,ac-grenoble.fr,3
equipement-agriculture.gouv.fr,developpement-durable.gouv.fr,3
ars.sante.fr,occitanie.gouv.fr,3
dila.gouv.fr,data.gouv.fr,3
modernisation.gouv.fr,caissedesdepots.fr,3
inserm.fr,ssi.gouv.fr,3
pm.gouv.fr,culture.gouv.fr,3
occitanie.gouv.fr,data.gouv.fr,3
ac-rennes.fr,developpement-durable.gouv.fr,3
education.gouv.fr,ac-rouen.fr,3
ac-nice.fr,ac-poitiers.fr,3
ac-caen.fr,ac-montpellier.fr,3
ac-lyon.fr,ac-lyon.fr,3
developpement-durable.gouv.fr,cnig.gouv.fr,3
ac-nancy-metz.fr,ac-bordeaux.fr,3
ac-versailles.fr,ac-dijon.fr,3
educagri.fr,education.gouv.fr,3
reseau-canope.fr,ac-clermont.fr,3
ac-dijon.fr,ac-versailles.fr,3
agriculture.gouv.fr,occitanie.gouv.fr,3
education.gouv.fr,ac-dijon.fr,3
meuse.gouv.fr,modernisation.gouv.fr,2
ac-grenoble.fr,ac-bordeaux.fr,2
developpement-durable.gouv.fr,gendarmerie.interieur.gouv.fr,2
ac-montpellier.fr,ac-rennes.fr,2
ac-clermont.fr,developpement-durable.gouv.fr,2
dgfip.finances.gouv.fr,loiret.gouv.fr,2
ac-versailles.fr,dila.gouv.fr,2
dila.gouv.fr,dgfip.finances.gouv.fr,2
social.gouv.fr,sg.social.gouv.fr,2
ac-versailles.fr,ac-lyon.fr,2
finances.gouv.fr,ac-dijon.fr,2
eure.gouv.fr,ac-versailles.fr,2
ac-grenoble.fr,ac-caen.fr,2
gers.gouv.fr,modernisation.gouv.fr,2
ac-lyon.fr,ac-montpellier.fr,2
developpement-durable.gouv.fr,bnf.fr,2
education.gouv.fr,tarn-et-garonne.gouv.fr,2
ars.sante.fr,sg.social.gouv.fr,2
interieur.gouv.fr,cnam.fr,2
ac-dijon.fr,ac-dijon.fr,2
ac-grenoble.fr,ac-lyon.fr,2
reseau-canope.fr,data.gouv.fr,2
enseignementsup.gouv.fr,enseignementsup.gouv.fr,2
ac-nice.fr,ac-strasbourg.fr,2
ac-nancy-metz.fr,ac-grenoble.fr,2
ac-versailles.fr,ac-nice.fr,2
sg.social.gouv.fr,social.gouv.fr,2
ac-bordeaux.fr,dgfip.finances.gouv.fr,2
finances.gouv.fr,agriculture.gouv.fr,2
ac-bordeaux.fr,ac-lille.fr,2
culture.gouv.fr,pm.gouv.fr,2
ac-creteil.fr,data.gouv.fr,2
intradef.gouv.fr,data.gouv.fr,2
education.gouv.fr,culture.gouv.fr,2
modernisation.gouv.fr,inserm.fr,2
ac-poitiers.fr,ac-caen.fr,2
ac-montpellier.fr,ac-nancy-metz.fr,2
dila.gouv.fr,ac-versailles.fr,2
recherche.gouv.fr,dila.gouv.fr,2
ac-creteil.fr,ac-orleans-tours.fr,2
diplomatie.gouv.fr,dila.gouv.fr,2
ac-montpellier.fr,ac-orleans-tours.fr,2
strategie.gouv.fr,data.gouv.fr,2
ac-montpellier.fr,ac-creteil.fr,2
finances.gouv.fr,gendarmerie.interieur.gouv.fr,2
finances.gouv.fr,occitanie.gouv.fr,2
agriculture.gouv.fr,sg.social.gouv.fr,2
ac-strasbourg.fr,ac-versailles.fr,2
ac-poitiers.fr,ac-nancy-metz.fr,2
insee.fr,dila.gouv.fr,2
ac-creteil.fr,ac-strasbourg.fr,2
ac-bordeaux.fr,agriculture.gouv.fr,2
meurthe-et-moselle.gouv.fr,sg.social.gouv.fr,2
ac-bordeaux.fr,gendarmerie.interieur.gouv.fr,2
education.gouv.fr,agriculture.gouv.fr,2
education.gouv.fr,arcep.fr,2
ac-amiens.fr,education.gouv.fr,2
meuse.gouv.fr,finances.gouv.fr,2
ac-versailles.fr,cnil.fr,2
ac-nancy-metz.fr,ac-montpellier.fr,2
developpement-durable.gouv.fr,ardeche.gouv.fr,2
ac-nancy-metz.fr,modernisation.gouv.fr,2
eure.gouv.fr,education.gouv.fr,2
finances.gouv.fr,reseau-canope.fr,2
douane.finances.gouv.fr,modernisation.gouv.fr,2
interieur.gouv.fr,loiret.gouv.fr,2
ac-versailles.fr,ac-rouen.fr,2
inserm.fr,culture.gouv.fr,2
ac-bordeaux.fr,ac-montpellier.fr,2
shom.fr,modernisation.gouv.fr,2
dgfip.finances.gouv.fr,interieur.gouv.fr,2
ac-clermont.fr,ac-rennes.fr,2
ssi.gouv.fr,gendarmerie.interieur.gouv.fr,2
ac-reims.fr,ac-reims.fr,2
sg.social.gouv.fr,beta.gouv.fr,2
ac-montpellier.fr,ac-poitiers.fr,2
ac-versailles.fr,inserm.fr,2
ac-caen.fr,ac-amiens.fr,2
interieur.gouv.fr,ac-rennes.fr,2
interieur.gouv.fr,ac-creteil.fr,2
cnda.juradm.fr,ssi.gouv.fr,2
ac-orleans-tours.fr,ac-montpellier.fr,2
developpement-durable.gouv.fr,arcep.fr,2
ac-amiens.fr,reseau-canope.fr,2
ac-nice.fr,ac-creteil.fr,2
ssi.gouv.fr,sg.social.gouv.fr,2
modernisation.gouv.fr,enseignementsup.gouv.fr,2
arcep.fr,modernisation.gouv.fr,2
interieur.gouv.fr,inserm.fr,2
senat.fr,senat.fr,2
culture.gouv.fr,cnil.fr,2
ac-limoges.fr,ac-nice.fr,2
ac-bordeaux.fr,ac-limoges.fr,2
beta.gouv.fr,education.gouv.fr,2
ac-versailles.fr,ac-orleans-tours.fr,2
eure.gouv.fr,agriculture.gouv.fr,2
eure.gouv.fr,ac-rennes.fr,2
ac-bordeaux.fr,ac-rennes.fr,2
ac-clermont.fr,ac-nancy-metz.fr,2
ac-caen.fr,ac-clermont.fr,2
data.gouv.fr,agriculture.gouv.fr,2
diplomatie.gouv.fr,pm.gouv.fr,2
ac-bordeaux.fr,ac-nice.fr,2
aviation-civile.gouv.fr,aviation-civile.gouv.fr,2
gendarmerie.interieur.gouv.fr,gendarmerie.interieur.gouv.fr,2
pm.gouv.fr,finances.gouv.fr,2
ac-creteil.fr,developpement-durable.gouv.fr,2
inserm.fr,interieur.gouv.fr,2
educagri.fr,reseau-canope.fr,2
ac-lille.fr,ac-creteil.fr,2
ac-orleans-tours.fr,ac-nancy-metz.fr,2
ac-orleans-tours.fr,ac-orleans-tours.fr,2
ac-rennes.fr,dgfip.finances.gouv.fr,2
finances.gouv.fr,beta.gouv.fr,2
ac-montpellier.fr,ac-lyon.fr,2
interieur.gouv.fr,jeunesse-sports.gouv.fr,2
agriculture.gouv.fr,agriculture.gouv.fr,2
ac-rennes.fr,eure.gouv.fr,2
strategie.gouv.fr,modernisation.gouv.fr,2
finances.gouv.fr,ac-nancy-metz.fr,2
sg.social.gouv.fr,dgfip.finances.gouv.fr,2
educagri.fr,ac-versailles.fr,2
ac-dijon.fr,data.gouv.fr,2
education.gouv.fr,sg.social.gouv.fr,2
ac-creteil.fr,culture.gouv.fr,2
sg.social.gouv.fr,ars.sante.fr,2
ac-caen.fr,ac-grenoble.fr,2
ac-rouen.fr,ac-versailles.fr,2
developpement-durable.gouv.fr,diplomatie.gouv.fr,2
ac-lille.fr,ac-grenoble.fr,2
ac-creteil.fr,ac-montpellier.fr,2
ac-lille.fr,ac-caen.fr,2
cnam.fr,interieur.gouv.fr,2
data.gouv.fr,education.gouv.fr,2
ars.sante.fr,modernisation.gouv.fr,2
ac-versailles.fr,ac-limoges.fr,2
modernisation.gouv.fr,loiret.gouv.fr,2
ac-versailles.fr,loiret.gouv.fr,2
eure.gouv.fr,culture.gouv.fr,2
ac-nice.fr,ac-rennes.fr,2
ign.fr,cnig.gouv.fr,2
ac-nancy-metz.fr,ac-creteil.fr,2
ac-rennes.fr,ac-poitiers.fr,2
dila.gouv.fr,ssi.gouv.fr,2
finances.gouv.fr,arcep.fr,2
education.gouv.fr,ac-aix-marseille.fr,2
sg.social.gouv.fr,dila.gouv.fr,2
ars.sante.fr,interieur.gouv.fr,2
data.gouv.fr,dgfip.finances.gouv.fr,2
pm.gouv.fr,ccomptes.fr,2
beta.gouv.fr,beta.gouv.fr,2
agriculture.gouv.fr,ac-versailles.fr,2
finances.gouv.fr,ac-creteil.fr,2
inserm.fr,ac-versailles.fr,2
ac-limoges.fr,ac-bordeaux.fr,2
education.gouv.fr,ac-caen.fr,2
developpement-durable.gouv.fr,dila.gouv.fr,2
ac-orleans-tours.fr,data.gouv.fr,2
dila.gouv.fr,dila.gouv.fr,2
beta.gouv.fr,data.gouv.fr,2
ac-creteil.fr,interieur.gouv.fr,2
agriculture.gouv.fr,educagri.fr,2
eure.gouv.fr,diplomatie.gouv.fr,2
finances.gouv.fr,ac-caen.fr,2
ac-lille.fr,data.gouv.fr,2
cines.fr,culture.gouv.fr,2
ac-clermont.fr,ac-creteil.fr,2
interieur.gouv.fr,ac-bordeaux.fr,2
justice.gouv.fr,justice.gouv.fr,2
occitanie.gouv.fr,pm.gouv.fr,2
ac-creteil.fr,ac-caen.fr,2
ac-limoges.fr,ac-caen.fr,2
reseau-canope.fr,ac-versailles.fr,2
ac-caen.fr,developpement-durable.gouv.fr,2
interieur.gouv.fr,ac-dijon.fr,2
ac-versailles.fr,agriculture.gouv.fr,2
ac-bordeaux.fr,ac-creteil.fr,2
data.gouv.fr,dila.gouv.fr,2
gendarmerie.interieur.gouv.fr,developpement-durable.gouv.fr,2
eure.gouv.fr,sg.social.gouv.fr,2
ac-montpellier.fr,ac-aix-marseille.fr,2
ac-nice.fr,ac-limoges.fr,2
education.gouv.fr,educagri.fr,2
modernisation.gouv.fr,strategie.gouv.fr,2
debatpublic.fr,modernisation.gouv.fr,2
meurthe-et-moselle.gouv.fr,developpement-durable.gouv.fr,2
ac-lyon.fr,ac-rennes.fr,2
cnam.fr,dgfip.finances.gouv.fr,2
enseignementsup.gouv.fr,occitanie.gouv.fr,2
ac-montpellier.fr,reseau-canope.fr,2
ac-creteil.fr,ac-toulouse.fr,2
modernisation.gouv.fr,alumni.ena.fr,2
enseignementsup.gouv.fr,bnf.fr,2
ac-lyon.fr,ac-bordeaux.fr,2
ac-bordeaux.fr,aviation-civile.gouv.fr,2
ac-nice.fr,ac-bordeaux.fr,2
culture.gouv.fr,education.gouv.fr,2
ac-amiens.fr,ac-caen.fr,2
eure.gouv.fr,ign.fr,2
ssi.gouv.fr,education.gouv.fr,2
developpement-durable.gouv.fr,sg.social.gouv.fr,2
ac-caen.fr,finances.gouv.fr,2
pm.gouv.fr,education.gouv.fr,2
pm.gouv.fr,arcep.fr,2
ac-caen.fr,ac-limoges.fr,2
douane.finances.gouv.fr,data.gouv.fr,2
modernisation.gouv.fr,ign.fr,2
data.gouv.fr,recherche.gouv.fr,2
ac-lyon.fr,ac-orleans-tours.fr,2
dgfip.finances.gouv.fr,dila.gouv.fr,2
ac-bordeaux.fr,ac-grenoble.fr,2
developpement-durable.gouv.fr,aviation-civile.gouv.fr,2
tarn-et-garonne.gouv.fr,maine-et-loire.gouv.fr,1
ac-aix-marseille.fr,ac-bordeaux.fr,1
eure.gouv.fr,bas-rhin.gouv.fr,1
grand-est.gouv.fr,modernisation.gouv.fr,1
ars.sante.fr,dgfip.finances.gouv.fr,1
enseignementsup.gouv.fr,recherche.gouv.fr,1
has-sante.fr,interieur.gouv.fr,1
ac-grenoble.fr,ac-lille.fr,1
cnam.fr,data.gouv.fr,1
ac-rouen.fr,ac-rennes.fr,1
occitanie.gouv.fr,senat.fr,1
ac-rennes.fr,interieur.gouv.fr,1
interieur.gouv.fr,alumni.ena.fr,1
ac-lyon.fr,data.gouv.fr,1
cnil.fr,ac-nancy-metz.fr,1
culture.gouv.fr,ac-clermont.fr,1
maine-et-loire.gouv.fr,drjscs.gouv.fr,1
reseau-canope.fr,modernisation.gouv.fr,1
drjscs.gouv.fr,vendee.gouv.fr,1
ac-poitiers.fr,culture.gouv.fr,1
ac-rouen.fr,ac-nancy-metz.fr,1
meurthe-et-moselle.gouv.fr,reseau-canope.fr,1
senat.fr,data.gouv.fr,1
cines.fr,bnf.fr,1
cnil.fr,ac-rennes.fr,1
dgfip.finances.gouv.fr,gendarmerie.interieur.gouv.fr,1
ac-rouen.fr,ac-limoges.fr,1
ac-rennes.fr,sg.social.gouv.fr,1
ac-lyon.fr,ac-grenoble.fr,1
agriculture.gouv.fr,reseau-canope.fr,1
enseignementsup.gouv.fr,ac-rennes.fr,1
education.gouv.fr,pm.gouv.fr,1
modernisation.gouv.fr,defense.gouv.fr,1
inserm.fr,ac-creteil.fr,1
ac-bordeaux.fr,dila.gouv.fr,1
agriculture.gouv.fr,douane.finances.gouv.fr,1
ac-versailles.fr,inria.fr,1
eure.gouv.fr,equipement-agriculture.gouv.fr,1
cines.fr,enseignementsup.gouv.fr,1
direccte.gouv.fr,sg.social.gouv.fr,1
shom.fr,dila.gouv.fr,1
data.gouv.fr,ign.fr,1
education.gouv.fr,eure.gouv.fr,1
intradef.gouv.fr,dgfip.finances.gouv.fr,1
haute-garonne.gouv.fr,developpement-durable.gouv.fr,1
dila.gouv.fr,meurthe-et-moselle.gouv.fr,1
developpement-durable.gouv.fr,intradef.gouv.fr,1
ac-poitiers.fr,ac-toulouse.fr,1
ac-dijon.fr,ac-limoges.fr,1
ac-poitiers.fr,finances.gouv.fr,1
ac-rennes.fr,diplomatie.gouv.fr,1
culture.gouv.fr,ac-lille.fr,1
inserm.fr,data.gouv.fr,1
ac-lille.fr,ssi.gouv.fr,1
cines.fr,modernisation.gouv.fr,1
ac-bordeaux.fr,diplomatie.gouv.fr,1
dgfip.finances.gouv.fr,ac-lille.fr,1
tarn-et-garonne.gouv.fr,meurthe-et-moselle.gouv.fr,1
ac-versailles.fr,cnam.fr,1
ac-caen.fr,ac-aix-marseille.fr,1
cines.fr,cnil.fr,1
cnil.fr,data.gouv.fr,1
ac-lyon.fr,ac-nancy-metz.fr,1
reseau-canope.fr,agriculture.gouv.fr,1
sg.social.gouv.fr,education.gouv.fr,1
diplomatie.gouv.fr,senat.fr,1
dgfip.finances.gouv.fr,education.gouv.fr,1
occitanie.gouv.fr,loiret.gouv.fr,1
ccomptes.fr,data.gouv.fr,1
agriculture.gouv.fr,sarthe.gouv.fr,1
ardeche.gouv.fr,agriculture.gouv.fr,1
inserm.fr,bnf.fr,1
insee.fr,arcep.fr,1
cnam.fr,cnil.fr,1
ac-clermont.fr,ac-caen.fr,1
ac-caen.fr,ac-guadeloupe.fr,1
cerema.fr,developpement-durable.gouv.fr,1
culture.gouv.fr,dila.gouv.fr,1
interieur.gouv.fr,senat.fr,1
strategie.gouv.fr,arcep.fr,1
developpement-durable.gouv.fr,ac-clermont.fr,1
meurthe-et-moselle.gouv.fr,direccte.gouv.fr,1
cnam.fr,modernisation.gouv.fr,1
ac-rennes.fr,ac-lille.fr,1
ac-rennes.fr,justice.gouv.fr,1
meuse.gouv.fr,ac-versailles.fr,1
occitanie.gouv.fr,dgfip.finances.gouv.fr,1
diplomatie.gouv.fr,developpement-durable.gouv.fr,1
occitanie.gouv.fr,alumni.ena.fr,1
occitanie.gouv.fr,ac-montpellier.fr,1
meurthe-et-moselle.gouv.fr,efs.sante.fr,1
maine-et-loire.gouv.fr,ac-rouen.fr,1
data.gouv.fr,sg.social.gouv.fr,1
sg.social.gouv.fr,maine-et-loire.gouv.fr,1
diplomatie.gouv.fr,ac-bordeaux.fr,1
culture.gouv.fr,diplomatie.gouv.fr,1
agriculture.gouv.fr,ac-rennes.fr,1
equipement-agriculture.gouv.fr,eure.gouv.fr,1
ac-toulouse.fr,education.gouv.fr,1
grand-est.gouv.fr,data.gouv.fr,1
ac-strasbourg.fr,ac-creteil.fr,1
defense.gouv.fr,interieur.gouv.fr,1
dila.gouv.fr,educagri.fr,1
sg.social.gouv.fr,senat.fr,1
meuse.gouv.fr,occitanie.gouv.fr,1
finances.gouv.fr,ac-lille.fr,1
data.gouv.fr,ac-poitiers.fr,1
data.gouv.fr,diplomatie.gouv.fr,1
meurthe-et-moselle.gouv.fr,drjscs.gouv.fr,1
occitanie.gouv.fr,cnig.gouv.fr,1
ac-guadeloupe.fr,ac-caen.fr,1
diplomatie.gouv.fr,culture.gouv.fr,1
beta.gouv.fr,arcep.fr,1
inserm.fr,inserm.fr,1
inserm.fr,douane.finances.gouv.fr,1
reseau-canope.fr,ac-limoges.fr,1
ac-rouen.fr,ac-rouen.fr,1
ac-rouen.fr,inserm.fr,1
ardeche.gouv.fr,modernisation.gouv.fr,1
aviation-civile.gouv.fr,pm.gouv.fr,1
culture.gouv.fr,ac-poitiers.fr,1
ac-poitiers.fr,ac-strasbourg.fr,1
sg.social.gouv.fr,meurthe-et-moselle.gouv.fr,1
enseignementsup.gouv.fr,reseau-canope.fr,1
eure.gouv.fr,tarn-et-garonne.gouv.fr,1
cnda.juradm.fr,pm.gouv.fr,1
ac-strasbourg.fr,ac-nancy-metz.fr,1
ac-rouen.fr,modernisation.gouv.fr,1
ac-caen.fr,ac-orleans-tours.fr,1
ac-rennes.fr,ac-clermont.fr,1
ac-creteil.fr,intradef.gouv.fr,1
cines.fr,data.gouv.fr,1
ac-montpellier.fr,interieur.gouv.fr,1
douane.finances.gouv.fr,inserm.fr,1
sg.social.gouv.fr,loiret.gouv.fr,1
modernisation.gouv.fr,douane.finances.gouv.fr,1
ac-nantes.fr,data.gouv.fr,1
dila.gouv.fr,finances.gouv.fr,1
cnil.fr,enseignementsup.gouv.fr,1
ac-amiens.fr,ac-versailles.fr,1
shom.fr,gendarmerie.interieur.gouv.fr,1
educagri.fr,dila.gouv.fr,1
meurthe-et-moselle.gouv.fr,data.gouv.fr,1
ac-clermont.fr,eure.gouv.fr,1
gers.gouv.fr,dgfip.finances.gouv.fr,1
interieur.gouv.fr,beta.gouv.fr,1
education.gouv.fr,sante.gouv.fr,1
ac-nancy-metz.fr,ac-clermont.fr,1
ac-rennes.fr,dila.gouv.fr,1
ac-rennes.fr,inria.fr,1
enseignementsup.gouv.fr,ssi.gouv.fr,1
pm.gouv.fr,recherche.gouv.fr,1
cote-dor.gouv.fr,inserm.fr,1
ac-nice.fr,ac-nancy-metz.fr,1
beta.gouv.fr,ac-versailles.fr,1
ac-dijon.fr,ssi.gouv.fr,1
ssi.gouv.fr,drjscs.gouv.fr,1
ac-montpellier.fr,ac-bordeaux.fr,1
bnf.fr,ac-versailles.fr,1
ac-bordeaux.fr,social.gouv.fr,1
intradef.gouv.fr,gendarmerie.interieur.gouv.fr,1
developpement-durable.gouv.fr,meurthe-et-moselle.gouv.fr,1
gs.ac-lyon.fr,ac-lyon.fr,1
tarn-et-garonne.gouv.fr,ac-poitiers.fr,1
intradef.gouv.fr,aviation-civile.gouv.fr,1
ac-versailles.fr,diplomatie.gouv.fr,1
allier.gouv.fr,modernisation.gouv.fr,1
defense.gouv.fr,culture.gouv.fr,1
cote-dor.gouv.fr,modernisation.gouv.fr,1
ac-besancon.fr,ac-besancon.fr,1
ac-rouen.fr,ac-caen.fr,1
ac-montpellier.fr,finances.gouv.fr,1
ac-clermont.fr,agriculture.gouv.fr,1
ac-poitiers.fr,ac-lille.fr,1
cnam.fr,ssi.gouv.fr,1
beta.gouv.fr,occitanie.gouv.fr,1
meuse.gouv.fr,ac-nancy-metz.fr,1
ac-guadeloupe.fr,ac-dijon.fr,1
eure.gouv.fr,ac-creteil.fr,1
cnil.fr,justice.fr,1
drjscs.gouv.fr,finances.gouv.fr,1
developpement-durable.gouv.fr,loiret.gouv.fr,1
ac-nancy-metz.fr,inria.fr,1
ac-amiens.fr,ac-creteil.fr,1
meurthe-et-moselle.gouv.fr,occitanie.gouv.fr,1
senat.fr,pm.gouv.fr,1
aviation-civile.gouv.fr,agriculture.gouv.fr,1
occitanie.gouv.fr,ars.sante.fr,1
ac-grenoble.fr,ac-montpellier.fr,1
ac-dijon.fr,ac-nice.fr,1
cnda.juradm.fr,bnf.fr,1
justice.fr,cnil.fr,1
interieur.gouv.fr,justice.gouv.fr,1
ac-lille.fr,ac-nancy-metz.fr,1
ac-rennes.fr,senat.fr,1
meurthe-et-moselle.gouv.fr,tarn-et-garonne.gouv.fr,1
social.gouv.fr,ac-nice.fr,1
developpement-durable.gouv.fr,inria.fr,1
ac-bordeaux.fr,insee.fr,1
ac-caen.fr,ac-lyon.fr,1
data.gouv.fr,cnig.gouv.fr,1
tarn-et-garonne.gouv.fr,dila.gouv.fr,1
cote-dor.gouv.fr,agriculture.gouv.fr,1
direccte.gouv.fr,social.gouv.fr,1
meuse.gouv.fr,ac-creteil.fr,1
modernisation.gouv.fr,ac-orleans-tours.fr,1
ac-caen.fr,ac-dijon.fr,1
dila.gouv.fr,diplomatie.gouv.fr,1
direccte.gouv.fr,senat.fr,1
ac-orleans-tours.fr,ac-rennes.fr,1
efs.sante.fr,meurthe-et-moselle.gouv.fr,1
ac-bordeaux.fr,ac-strasbourg.fr,1
ac-clermont.fr,cnil.fr,1
ac-clermont.fr,ac-rouen.fr,1
finances.gouv.fr,insee.fr,1
modernisation.gouv.fr,eure.gouv.fr,1
interieur.gouv.fr,cote-dor.gouv.fr,1
occitanie.gouv.fr,gers.gouv.fr,1
modernisation.gouv.fr,meuse.gouv.fr,1
justice.gouv.fr,data.gouv.fr,1
ac-caen.fr,ac-rouen.fr,1
gendarmerie.interieur.gouv.fr,cnil.fr,1
ac-rennes.fr,ac-strasbourg.fr,1
interieur.gouv.fr,cnda.juradm.fr,1
ac-caen.fr,inserm.fr,1
equipement.gouv.fr,data.gouv.fr,1
sante.gouv.fr,education.gouv.fr,1
ac-poitiers.fr,ac-clermont.fr,1
ac-caen.fr,cnil.fr,1
ac-guadeloupe.fr,reseau-canope.fr,1
ssi.gouv.fr,efs.sante.fr,1
cnil.fr,pm.gouv.fr,1
ardeche.gouv.fr,eure.gouv.fr,1
ac-nancy-metz.fr,meurthe-et-moselle.gouv.fr,1
ac-paris.fr,ac-creteil.fr,1
ccomptes.fr,pm.gouv.fr,1
data.gouv.fr,ac-bordeaux.fr,1
meuse.gouv.fr,data.gouv.fr,1
diplomatie.gouv.fr,sg.social.gouv.fr,1
dgfip.finances.gouv.fr,culture.gouv.fr,1
developpement-durable.gouv.fr,cnam.fr,1
ac-dijon.fr,ac-caen.fr,1
douane.finances.gouv.fr,ssi.gouv.fr,1
pm.gouv.fr,ac-nancy-metz.fr,1
ssi.gouv.fr,inserm.fr,1
debatpublic.fr,data.gouv.fr,1
ac-versailles.fr,gendarmerie.interieur.gouv.fr,1
ac-rennes.fr,ac-montpellier.fr,1
dgfip.finances.gouv.fr,insee.fr,1
interieur.gouv.fr,ac-poitiers.fr,1
ac-caen.fr,ac-rennes.fr,1
ac-nice.fr,reseau-canope.fr,1
unistra.fr,justice.gouv.fr,1
sg.social.gouv.fr,intradef.gouv.fr,1
ac-montpellier.fr,ac-strasbourg.fr,1
ac-nancy-metz.fr,educagri.fr,1
eure.gouv.fr,ac-dijon.fr,1
drjscs.gouv.fr,meurthe-et-moselle.gouv.fr,1
cnig.gouv.fr,developpement-durable.gouv.fr,1
ac-orleans-tours.fr,ac-lyon.fr,1
modernisation.gouv.fr,tarn-et-garonne.gouv.fr,1
justice.fr,data.gouv.fr,1
cnil.fr,ac-versailles.fr,1
occitanie.gouv.fr,education.gouv.fr,1
ac-nancy-metz.fr,culture.gouv.fr,1
ac-nancy-metz.fr,dgfip.finances.gouv.fr,1
meurthe-et-moselle.gouv.fr,equipement-agriculture.gouv.fr,1
ac-orleans-tours.fr,modernisation.gouv.fr,1
insee.fr,pm.gouv.fr,1
sg.social.gouv.fr,jeunesse-sports.gouv.fr,1
tarn-et-garonne.gouv.fr,ac-lille.fr,1
developpement-durable.gouv.fr,ac-bordeaux.fr,1
education.gouv.fr,bnf.fr,1
ssi.gouv.fr,ac-dijon.fr,1
strategie.gouv.fr,pm.gouv.fr,1
ssi.gouv.fr,enseignementsup.gouv.fr,1
ac-limoges.fr,ac-montpellier.fr,1
ac-nice.fr,agriculture.gouv.fr,1
ac-rennes.fr,educagri.fr,1
direccte.gouv.fr,developpement-durable.gouv.fr,1
ac-caen.fr,direccte.gouv.fr,1
ac-lille.fr,reseau-canope.fr,1
tarn-et-garonne.gouv.fr,education.gouv.fr,1
equipement-agriculture.gouv.fr,data.gouv.fr,1
ac-nice.fr,ac-dijon.fr,1
developpement-durable.gouv.fr,gironde.gouv.fr,1
ssi.gouv.fr,agriculture.gouv.fr,1
ac-lyon.fr,ac-versailles.fr,1
meurthe-et-moselle.gouv.fr,meuse.gouv.fr,1
ssi.gouv.fr,bnf.fr,1
cnam.fr,ac-versailles.fr,1
pm.gouv.fr,bnf.fr,1
ac-nancy-metz.fr,ac-toulouse.fr,1
developpement-durable.gouv.fr,alumni.ena.fr,1
dila.gouv.fr,gendarmerie.interieur.gouv.fr,1
ac-nancy-metz.fr,finances.gouv.fr,1
gendarmerie.interieur.gouv.fr,data.gouv.fr,1
reseau-canope.fr,ac-guadeloupe.fr,1
maine-et-loire.gouv.fr,tarn-et-garonne.gouv.fr,1
justice.gouv.fr,modernisation.gouv.fr,1
ign.fr,data.gouv.fr,1
tarn-et-garonne.gouv.fr,vendee.gouv.fr,1
occitanie.gouv.fr,ign.fr,1
interieur.gouv.fr,dila.gouv.fr,1
ac-bordeaux.fr,ac-toulouse.fr,1
cines.fr,ssi.gouv.fr,1
agriculture.gouv.fr,ac-nice.fr,1
equipement.gouv.fr,modernisation.gouv.fr,1
ac-aix-marseille.fr,ac-poitiers.fr,1
beta.gouv.fr,ac-nice.fr,1
cnda.juradm.fr,data.gouv.fr,1
ac-creteil.fr,ardeche.gouv.fr,1
efs.sante.fr,developpement-durable.gouv.fr,1
agriculture.gouv.fr,pm.gouv.fr,1
drjscs.gouv.fr,maine-et-loire.gouv.fr,1
crtc.ccomptes.fr,ars.sante.fr,1
ac-rennes.fr,ac-bordeaux.fr,1
beta.gouv.fr,ssi.gouv.fr,1
ac-bordeaux.fr,developpement-durable.gouv.fr,1
ac-rennes.fr,ac-toulouse.fr,1
education.gouv.fr,cnil.fr,1
efs.sante.fr,finances.gouv.fr,1
agriculture.gouv.fr,eure.gouv.fr,1
equipement-agriculture.gouv.fr,efs.sante.fr,1
ac-creteil.fr,senat.fr,1
ac-clermont.fr,data.gouv.fr,1
agriculture.gouv.fr,ac-orleans-tours.fr,1
intradef.gouv.fr,interieur.gouv.fr,1
agriculture.gouv.fr,bas-rhin.gouv.fr,1
agriculture.gouv.fr,beta.gouv.fr,1
senat.fr,culture.gouv.fr,1
justice.fr,interieur.gouv.fr,1
gendarmerie.interieur.gouv.fr,dila.gouv.fr,1
ac-poitiers.fr,data.gouv.fr,1
agriculture.gouv.fr,meurthe-et-moselle.gouv.fr,1
inserm.fr,developpement-durable.gouv.fr,1
ac-paris.fr,debatpublic.fr,1
meuse.gouv.fr,gendarmerie.interieur.gouv.fr,1
direccte.gouv.fr,tarn-et-garonne.gouv.fr,1
dila.gouv.fr,cnil.fr,1
ac-poitiers.fr,ac-grenoble.fr,1
ars.sante.fr,data.gouv.fr,1
cnam.fr,ac-montpellier.fr,1
ccomptes.fr,developpement-durable.gouv.fr,1
diplomatie.gouv.fr,agriculture.gouv.fr,1
jeunesse-sports.gouv.fr,data.gouv.fr,1
cnda.juradm.fr,dila.gouv.fr,1
educagri.fr,ac-nice.fr,1
ac-grenoble.fr,ac-orleans-tours.fr,1
ac-versailles.fr,bnf.fr,1
modernisation.gouv.fr,ac-bordeaux.fr,1
interieur.gouv.fr,defense.gouv.fr,1
developpement-durable.gouv.fr,cerema.fr,1
direccte.gouv.fr,occitanie.gouv.fr,1
ign.fr,dila.gouv.fr,1
cnil.fr,developpement-durable.gouv.fr,1
sg.social.gouv.fr,recherche.gouv.fr,1
ac-reims.fr,data.gouv.fr,1
ac-nancy-metz.fr,sante.gouv.fr,1
finances.gouv.fr,ac-aix-marseille.fr,1
ac-lyon.fr,educagri.fr,1
ac-montpellier.fr,ac-caen.fr,1
educagri.fr,eure.gouv.fr,1
ac-bordeaux.fr,ac-aix-marseille.fr,1
agriculture.gouv.fr,loiret.gouv.fr,1
interieur.gouv.fr,recherche.gouv.fr,1
ars.sante.fr,arcep.fr,1
data.gouv.fr,eure.gouv.fr,1
occitanie.gouv.fr,enseignementsup.gouv.fr,1
inserm.fr,finances.gouv.fr,1
ac-dijon.fr,culture.gouv.fr,1
ac-rouen.fr,ac-bordeaux.fr,1
ac-bordeaux.fr,occitanie.gouv.fr,1
agriculture.gouv.fr,ardeche.gouv.fr,1
aviation-civile.gouv.fr,ac-poitiers.fr,1
ac-montpellier.fr,pm.gouv.fr,1
cnil.fr,culture.gouv.fr,1
justice.fr,externes.justice.gouv.fr,1
ac-lille.fr,ac-lille.fr,1
sg.social.gouv.fr,caissedesdepots.fr,1
sg.social.gouv.fr,direccte.gouv.fr,1
cnam.fr,developpement-durable.gouv.fr,1
dgfip.finances.gouv.fr,ssi.gouv.fr,1
modernisation.gouv.fr,educagri.fr,1
dgfip.finances.gouv.fr,pm.gouv.fr,1
loiret.gouv.fr,loiret.gouv.fr,1
dgfip.finances.gouv.fr,ac-orleans-tours.fr,1
ac-creteil.fr,meuse.gouv.fr,1
cines.fr,senat.fr,1
social.gouv.fr,ac-bordeaux.fr,1
meurthe-et-moselle.gouv.fr,inria.fr,1
ac-caen.fr,interieur.gouv.fr,1
dila.gouv.fr,agriculture.gouv.fr,1
ac-rouen.fr,culture.gouv.fr,1
ac-dijon.fr,ac-bordeaux.fr,1
arcep.fr,ssi.gouv.fr,1
diplomatie.gouv.fr,ac-dijon.fr,1
interieur.gouv.fr,caissedesdepots.fr,1
ac-limoges.fr,ac-versailles.fr,1
gendarmerie.interieur.gouv.fr,intradef.gouv.fr,1
ac-creteil.fr,ac-amiens.fr,1
eure.gouv.fr,ac-clermont.fr,1
beta.gouv.fr,senat.fr,1
ac-creteil.fr,eure.gouv.fr,1
ac-clermont.fr,ac-poitiers.fr,1
drjscs.gouv.fr,ssi.gouv.fr,1
eure.gouv.fr,gendarmerie.interieur.gouv.fr,1
developpement-durable.gouv.fr,haute-garonne.gouv.fr,1
cotes-darmor.gouv.fr,data.gouv.fr,1
meurthe-et-moselle.gouv.fr,maine-et-loire.gouv.fr,1
cnda.juradm.fr,intradef.gouv.fr,1
ac-orleans-tours.fr,interieur.gouv.fr,1
ac-poitiers.fr,ac-lyon.fr,1
finances.gouv.fr,ac-orleans-tours.fr,1
ac-montpellier.fr,occitanie.gouv.fr,1
finances.gouv.fr,bas-rhin.gouv.fr,1
beta.gouv.fr,developpement-durable.gouv.fr,1
ac-rennes.fr,ac-nice.fr,1
occitanie.gouv.fr,arcep.fr,1
tarn-et-garonne.gouv.fr,data.gouv.fr,1
developpement-durable.gouv.fr,ac-caen.fr,1
ac-amiens.fr,ac-poitiers.fr,1
ac-nancy-metz.fr,pm.gouv.fr,1
sg.social.gouv.fr,inserm.fr,1
meuse.gouv.fr,diplomatie.gouv.fr,1
ac-bordeaux.fr,ac-amiens.fr,1
sg.social.gouv.fr,ac-rouen.fr,1
finances.gouv.fr,pm.gouv.fr,1
ac-bordeaux.fr,ac-orleans-tours.fr,1
reseau-canope.fr,educagri.fr,1
inserm.fr,insee.fr,1
tarn-et-garonne.gouv.fr,drjscs.gouv.fr,1
drjscs.gouv.fr,tarn-et-garonne.gouv.fr,1
sg.social.gouv.fr,enseignementsup.gouv.fr,1
jeunesse-sports.gouv.fr,modernisation.gouv.fr,1
ac-bordeaux.fr,meuse.gouv.fr,1
education.gouv.fr,diplomatie.gouv.fr,1
direccte.gouv.fr,ac-caen.fr,1
unistra.fr,data.gouv.fr,1
ac-rennes.fr,ac-orleans-tours.fr,1
cnam.fr,senat.fr,1
pm.gouv.fr,sg.social.gouv.fr,1
efs.sante.fr,ssi.gouv.fr,1
cines.fr,developpement-durable.gouv.fr,1
finances.gouv.fr,meuse.gouv.fr,1
meurthe-et-moselle.gouv.fr,finances.gouv.fr,1
loiret.gouv.fr,dgfip.finances.gouv.fr,1
ac-strasbourg.fr,dgfip.finances.gouv.fr,1
interieur.gouv.fr,ccomptes.fr,1
ssi.gouv.fr,ac-poitiers.fr,1
ac-rouen.fr,ac-strasbourg.fr,1
debatpublic.fr,ac-paris.fr,1
ac-nancy-metz.fr,meuse.gouv.fr,1
ars.sante.fr,cnil.fr,1
diplomatie.gouv.fr,ac-rennes.fr,1
data.gouv.fr,ac-versailles.fr,1
dila.gouv.fr,direccte.gouv.fr,1
insee.fr,developpement-durable.gouv.fr,1
ac-rennes.fr,ac-caen.fr,1
reseau-canope.fr,ac-toulouse.fr,1
defense.gouv.fr,ac-versailles.fr,1
gers.gouv.fr,data.gouv.fr,1
ac-dijon.fr,insee.fr,1
ac-bordeaux.fr,equipement-agriculture.gouv.fr,1
pm.gouv.fr,diplomatie.gouv.fr,1
sarthe.gouv.fr,meuse.gouv.fr,1
ssi.gouv.fr,diplomatie.gouv.fr,1
eure.gouv.fr,dila.gouv.fr,1
ac-bordeaux.fr,ac-guadeloupe.fr,1
eure.gouv.fr,latmos.ipsl.fr,1
tarn-et-garonne.gouv.fr,ac-nancy-metz.fr,1
agriculture.gouv.fr,culture.gouv.fr,1
agriculture.gouv.fr,ac-montpellier.fr,1
caissedesdepots.fr,ssi.gouv.fr,1
occitanie.gouv.fr,direccte.gouv.fr,1
developpement-durable.gouv.fr,meuse.gouv.fr,1
intradef.gouv.fr,modernisation.gouv.fr,1
diplomatie.gouv.fr,arcep.fr,1
beta.gouv.fr,ac-montpellier.fr,1
occitanie.gouv.fr,caissedesdepots.fr,1
meurthe-et-moselle.gouv.fr,culture.gouv.fr,1
ac-nancy-metz.fr,ac-guadeloupe.fr,1
sg.social.gouv.fr,bnf.fr,1
ac-clermont.fr,ac-lille.fr,1
meuse.gouv.fr,interieur.gouv.fr,1
ac-caen.fr,ac-lille.fr,1
cote-dor.gouv.fr,cote-dor.gouv.fr,1
loiret.gouv.fr,developpement-durable.gouv.fr,1
dila.gouv.fr,ac-rennes.fr,1
ac-lille.fr,ac-poitiers.fr,1
ssi.gouv.fr,latmos.ipsl.fr,1
debatpublic.fr,gendarmerie.interieur.gouv.fr,1
tarn-et-garonne.gouv.fr,direccte.gouv.fr,1
insee.fr,finances.gouv.fr,1
reseau-canope.fr,developpement-durable.gouv.fr,1
ac-lille.fr,interieur.gouv.fr,1
insee.fr,ac-bordeaux.fr,1
ars.sante.fr,bnf.fr,1
ac-aix-marseille.fr,modernisation.gouv.fr,1
ac-rouen.fr,maine-et-loire.gouv.fr,1
cnam.fr,ac-lille.fr,1
developpement-durable.gouv.fr,cines.fr,1
meurthe-et-moselle.gouv.fr,diplomatie.gouv.fr,1
sarthe.gouv.fr,agriculture.gouv.fr,1
equipement.gouv.fr,developpement-durable.gouv.fr,1
eure.gouv.fr,educagri.fr,1
gers.gouv.fr,occitanie.gouv.fr,1
efs.sante.fr,modernisation.gouv.fr,1
cnil.fr,gendarmerie.interieur.gouv.fr,1
culture.gouv.fr,ac-rennes.fr,1
agriculture.gouv.fr,diplomatie.gouv.fr,1
interieur.gouv.fr,eure.gouv.fr,1
ac-nice.fr,ac-toulouse.fr,1
has-sante.fr,modernisation.gouv.fr,1
meuse.gouv.fr,developpement-durable.gouv.fr,1
ssi.gouv.fr,dgfip.finances.gouv.fr,1
ac-bordeaux.fr,ac-dijon.fr,1
ac-rennes.fr,ac-rouen.fr,1
cnam.fr,education.gouv.fr,1
ac-montpellier.fr,ac-limoges.fr,1
ac-poitiers.fr,ac-amiens.fr,1
ac-limoges.fr,ac-dijon.fr,1
ac-caen.fr,ac-strasbourg.fr,1
ac-nancy-metz.fr,ac-lyon.fr,1
culture.gouv.fr,ac-nancy-metz.fr,1
education.gouv.fr,ac-toulouse.fr,1
ac-rennes.fr,cnil.fr,1
sg.social.gouv.fr,eure.gouv.fr,1
ac-rennes.fr,enseignementsup.gouv.fr,1
ac-bordeaux.fr,ac-rouen.fr,1
inserm.fr,cote-dor.gouv.fr,1
meurthe-et-moselle.gouv.fr,dila.gouv.fr,1
ac-limoges.fr,ac-rouen.fr,1
educagri.fr,data.gouv.fr,1
ac-bordeaux.fr,douane.finances.gouv.fr,1
ac-bordeaux.fr,ccomptes.fr,1
ac-grenoble.fr,ac-creteil.fr,1
ac-creteil.fr,ac-limoges.fr,1
meuse.gouv.fr,ac-bordeaux.fr,1
agriculture.gouv.fr,dila.gouv.fr,1
sg.social.gouv.fr,pm.gouv.fr,1
ac-rennes.fr,ac-lyon.fr,1
ac-creteil.fr,efs.sante.fr,1
calvados.gouv.fr,ssi.gouv.fr,1
ac-limoges.fr,modernisation.gouv.fr,1
ac-lille.fr,ac-bordeaux.fr,1
direccte.gouv.fr,bnf.fr,1
finances.gouv.fr,inserm.fr,1
ac-nancy-metz.fr,cnil.fr,1
drjscs.gouv.fr,ac-rennes.fr,1
cines.fr,ars.sante.fr,1
ac-clermont.fr,inria.fr,1
cnil.fr,education.gouv.fr,1
interieur.gouv.fr,justice.fr,1
culture.gouv.fr,defense.gouv.fr,1
occitanie.gouv.fr,ac-versailles.fr,1
senat.fr,gendarmerie.interieur.gouv.fr,1
ac-montpellier.fr,data.gouv.fr,1
ssi.gouv.fr,developpement-durable.gouv.fr,1
tarn-et-garonne.gouv.fr,occitanie.gouv.fr,1
ac-orleans-tours.fr,ac-bordeaux.fr,1
meuse.gouv.fr,culture.gouv.fr,1
ac-montpellier.fr,ac-grenoble.fr,1
recherche.gouv.fr,recherche.gouv.fr,1
developpement-durable.gouv.fr,ccomptes.fr,1
cines.fr,sg.social.gouv.fr,1
ac-nice.fr,educagri.fr,1
interieur.gouv.fr,ac-guadeloupe.fr,1
ac-amiens.fr,ac-bordeaux.fr,1
ac-lille.fr,dgfip.finances.gouv.fr,1
ac-lille.fr,culture.gouv.fr,1
sarthe.gouv.fr,modernisation.gouv.fr,1
ac-grenoble.fr,ac-limoges.fr,1
developpement-durable.gouv.fr,cnil.fr,1
ac-rennes.fr,agriculture.gouv.fr,1
interieur.gouv.fr,equipement-agriculture.gouv.fr,1
ac-rennes.fr,bnf.fr,1
developpement-durable.gouv.fr,ac-rouen.fr,1
cnam.fr,aviation-civile.gouv.fr,1
maine-et-loire.gouv.fr,vendee.gouv.fr,1
ac-grenoble.fr,ac-nancy-metz.fr,1
ac-limoges.fr,reseau-canope.fr,1
ac-amiens.fr,ac-toulouse.fr,1
developpement-durable.gouv.fr,inserm.fr,1
data.gouv.fr,ac-rennes.fr,1
tarn-et-garonne.gouv.fr,ac-versailles.fr,1
caissedesdepots.fr,modernisation.gouv.fr,1
interieur.gouv.fr,ac-caen.fr,1
educagri.fr,ac-rennes.fr,1
developpement-durable.gouv.fr,ac-dijon.fr,1
dgfip.finances.gouv.fr,arcep.fr,1
culture.gouv.fr,ac-creteil.fr,1
modernisation.gouv.fr,ac-lille.fr,1
modernisation.gouv.fr,justice.gouv.fr,1
dila.gouv.fr,tarn-et-garonne.gouv.fr,1
ac-creteil.fr,ac-grenoble.fr,1
meurthe-et-moselle.gouv.fr,jeunesse-sports.gouv.fr,1
agriculture.gouv.fr,ac-poitiers.fr,1
education.gouv.fr,dgfip.finances.gouv.fr,1
nord.gouv.fr,modernisation.gouv.fr,1
ac-caen.fr,inria.fr,1
educagri.fr,ac-nancy-metz.fr,1
vaucluse.gouv.fr,dgfip.finances.gouv.fr,1
ac-bordeaux.fr,defense.gouv.fr,1
developpement-durable.gouv.fr,direccte.gouv.fr,1
enseignementsup.gouv.fr,sg.social.gouv.fr,1
strategie.gouv.fr,education.gouv.fr,1
developpement-durable.gouv.fr,caissedesdepots.fr,1
data.gouv.fr,ccomptes.fr,1
education.gouv.fr,insee.fr,1
ac-limoges.fr,data.gouv.fr,1
tarn-et-garonne.gouv.fr,pm.gouv.fr,1
education.gouv.fr,strategie.gouv.fr,1
maine-et-loire.gouv.fr,sg.social.gouv.fr,1
agriculture.gouv.fr,ac-clermont.fr,1
aviation-civile.gouv.fr,finances.gouv.fr,1
ac-limoges.fr,ac-grenoble.fr,1
ac-dijon.fr,interieur.gouv.fr,1
education.gouv.fr,loiret.gouv.fr,1
gendarmerie.interieur.gouv.fr,finances.gouv.fr,1
tarn-et-garonne.gouv.fr,eure.gouv.fr,1
meuse.gouv.fr,meurthe-et-moselle.gouv.fr,1
ac-caen.fr,ac-toulouse.fr,1
ac-rennes.fr,ac-creteil.fr,1
agriculture.gouv.fr,ign.fr,1
shom.fr,data.gouv.fr,1
agriculture.gouv.fr,aviation-civile.gouv.fr,1
ac-rennes.fr,drjscs.gouv.fr,1
beta.gouv.fr,ign.fr,1
culture.gouv.fr,reseau-canope.fr,1
ac-clermont.fr,ac-toulouse.fr,1
education.gouv.fr,beta.gouv.fr,1
eure.gouv.fr,ardeche.gouv.fr,1
dgfip.finances.gouv.fr,bnf.fr,1
ac-grenoble.fr,ac-rouen.fr,1
ac-strasbourg.fr,ac-lille.fr,1
ac-clermont.fr,finances.gouv.fr,1
dila.gouv.fr,bas-rhin.gouv.fr,1
developpement-durable.gouv.fr,ac-nancy-metz.fr,1
education.gouv.fr,meurthe-et-moselle.gouv.fr,1
agriculture.gouv.fr,cote-dor.gouv.fr,1
educagri.fr,ac-lyon.fr,1
dila.gouv.fr,eure.gouv.fr,1
ac-limoges.fr,ac-creteil.fr,1
ac-clermont.fr,ac-bordeaux.fr,1
dgfip.finances.gouv.fr,agriculture.gouv.fr,1
ssi.gouv.fr,senat.fr,1
cines.fr,gendarmerie.interieur.gouv.fr,1
ac-nice.fr,beta.gouv.fr,1
finances.gouv.fr,drjscs.gouv.fr,1
ac-rennes.fr,defense.gouv.fr,1
efs.sante.fr,data.gouv.fr,1
finances.gouv.fr,recherche.gouv.fr,1
ac-lille.fr,ac-strasbourg.fr,1
cnda.juradm.fr,developpement-durable.gouv.fr,1
meurthe-et-moselle.gouv.fr,vendee.gouv.fr,1
developpement-durable.gouv.fr,ac-rennes.fr,1
crtc.ccomptes.fr,occitanie.gouv.fr,1
defense.gouv.fr,ac-dijon.fr,1
ac-versailles.fr,ac-guadeloupe.fr,1
data.gouv.fr,ac-dijon.fr,1
ac-lyon.fr,ac-poitiers.fr,1
has-sante.fr,data.gouv.fr,1
aviation-civile.gouv.fr,developpement-durable.gouv.fr,1
cnil.fr,dila.gouv.fr,1
gers.gouv.fr,ssi.gouv.fr,1
meuse.gouv.fr,inria.fr,1
education.gouv.fr,cnam.fr,1
ac-nancy-metz.fr,ac-limoges.fr,1
allier.gouv.fr,developpement-durable.gouv.fr,1
pm.gouv.fr,beta.gouv.fr,1
ssi.gouv.fr,beta.gouv.fr,1
data.gouv.fr,bnf.fr,1
eure.gouv.fr,insee.fr,1
nord.gouv.fr,data.gouv.fr,1
ac-limoges.fr,ac-rennes.fr,1
ac-creteil.fr,modernisation.gouv.fr,1
externes.justice.gouv.fr,justice.fr,1
ac-rennes.fr,caissedesdepots.fr,1
ac-bordeaux.fr,efs.sante.fr,1
ac-clermont.fr,ac-montpellier.fr,1
finances.gouv.fr,ac-rennes.fr,1
eure.gouv.fr,loiret.gouv.fr,1
finances.gouv.fr,efs.sante.fr,1
modernisation.gouv.fr,ars.sante.fr,1
ac-poitiers.fr,tarn-et-garonne.gouv.fr,1
ac-nantes.fr,education.gouv.fr,1
modernisation.gouv.fr,jeunesse-sports.gouv.fr,1
ac-creteil.fr,ac-rouen.fr,1
diplomatie.gouv.fr,meuse.gouv.fr,1
ac-limoges.fr,ac-nancy-metz.fr,1
ac-versailles.fr,meuse.gouv.fr,1
insee.fr,gendarmerie.interieur.gouv.fr,1
ac-creteil.fr,inserm.fr,1
culture.gouv.fr,inserm.fr,1
enseignementsup.gouv.fr,diplomatie.gouv.fr,1
diplomatie.gouv.fr,eure.gouv.fr,1
ac-rennes.fr,ac-limoges.fr,1
ac-rouen.fr,sg.social.gouv.fr,1
culture.gouv.fr,ac-rouen.fr,1
sarthe.gouv.fr,data.gouv.fr,1
eure.gouv.fr,meurthe-et-moselle.gouv.fr,1
ac-creteil.fr,ac-dijon.fr,1
cines.fr,education.gouv.fr,1
cnil.fr,interieur.gouv.fr,1
modernisation.gouv.fr,intradef.gouv.fr,1
pm.gouv.fr,strategie.gouv.fr,1
caissedesdepots.fr,arcep.fr,1
alumni.ena.fr,modernisation.gouv.fr,1
ac-caen.fr,culture.gouv.fr,1
diplomatie.gouv.fr,ssi.gouv.fr,1
pm.gouv.fr,loiret.gouv.fr,1
ssi.gouv.fr,loiret.gouv.fr,1
developpement-durable.gouv.fr,defense.gouv.fr,1
ac-creteil.fr,ac-lyon.fr,1
via.ecp.fr,alumni.ena.fr,1
ac-aix-marseille.fr,ac-aix-marseille.fr,1
inria.fr,ac-nancy-metz.fr,1
eure.gouv.fr,ssi.gouv.fr,1
ac-lyon.fr,ac-creteil.fr,1
tarn-et-garonne.gouv.fr,senat.fr,1
educagri.fr,ac-lille.fr,1
insee.fr,douane.finances.gouv.fr,1
meurthe-et-moselle.gouv.fr,agriculture.gouv.fr,1
ac-dijon.fr,defense.gouv.fr,1
nord.gouv.fr,dila.gouv.fr,1
haute-garonne.gouv.fr,gironde.gouv.fr,1
onf.fr,data.gouv.fr,1
diplomatie.gouv.fr,meurthe-et-moselle.gouv.fr,1
ac-versailles.fr,beta.gouv.fr,1
inria.fr,ac-rennes.fr,1
ac-versailles.fr,meurthe-et-moselle.gouv.fr,1
ign.fr,occitanie.gouv.fr,1
bnf.fr,bnf.fr,1
